/*
Navicat MySQL Data Transfer

Source Server         : localhost
Source Server Version : 80022
Source Host           : localhost:3306
Source Database       : pethome

Target Server Type    : MYSQL
Target Server Version : 80022
File Encoding         : 65001

Date: 2024-07-08 20:46:38
*/

SET FOREIGN_KEY_CHECKS=0;

-- ----------------------------
-- Table structure for adoption
-- ----------------------------
DROP TABLE IF EXISTS `adoption`;
CREATE TABLE `adoption` (
  `id` varchar(255) CHARACTER SET utf8 COLLATE utf8_bin NOT NULL,
  `user_id` varchar(255) CHARACTER SET utf8 COLLATE utf8_bin DEFAULT NULL,
  `pet_id` varchar(255) CHARACTER SET utf8 COLLATE utf8_bin DEFAULT NULL,
  `time` varchar(255) CHARACTER SET utf8 COLLATE utf8_bin DEFAULT NULL,
  `review_status` varchar(255) CHARACTER SET utf8 COLLATE utf8_bin DEFAULT NULL,
  PRIMARY KEY (`id`) USING BTREE
) ENGINE=InnoDB DEFAULT CHARSET=utf8 COLLATE=utf8_bin ROW_FORMAT=DYNAMIC;

-- ----------------------------
-- Records of adoption
-- ----------------------------
INSERT INTO `adoption` VALUES ('1', 'b779645d-12fa-44a7-be47-c4e05639e309', '2', '2023-11-25 15:21:37', '2');
INSERT INTO `adoption` VALUES ('1d7505ff-bcf4-466b-88be-2a26ad32cf30', '123', '2', '2024-07-08 14:08:28', '0');
INSERT INTO `adoption` VALUES ('2', '3b10af5d-5c84-4150-b0ea-62f33823b89a', '3', '2023-11-13 15:21:37', '2');
INSERT INTO `adoption` VALUES ('3', 'b779645d-12fa-44a7-be47-c4e05639e309', '1', '2023-11-23 15:21:37', '2');
INSERT INTO `adoption` VALUES ('523e5bb4-636d-43a0-9c65-07af705e902c', 'e5c99d8f-7b58-4754-a432-aecc986d8a4a', '3', '2023-12-01 13:09:20', '1');
INSERT INTO `adoption` VALUES ('54de98fa-9459-45ec-b94c-ca960218e581', '123', '5', '2024-07-08 14:17:54', '0');
INSERT INTO `adoption` VALUES ('d1d0c5b9-9c6e-4e58-8861-59943cfa013a', '123', '281e301a-5d38-496a-9a19-a89d37debf20', '2024-07-08 11:56:40', '0');
INSERT INTO `adoption` VALUES ('f5cdb07e-2a5c-42b0-9398-409ebc00808f', '123', '2', '2024-07-08 14:09:21', '0');
INSERT INTO `adoption` VALUES ('f89ffcc9-8549-4fb7-8935-23016b770014', '123', '2', '2024-07-08 01:04:14', '2');

-- ----------------------------
-- Table structure for feedback
-- ----------------------------
DROP TABLE IF EXISTS `feedback`;
CREATE TABLE `feedback` (
  `id` varchar(255) CHARACTER SET utf8 COLLATE utf8_bin NOT NULL,
  `user_id` varchar(255) CHARACTER SET utf8 COLLATE utf8_bin DEFAULT NULL,
  `pet_id` varchar(255) CHARACTER SET utf8 COLLATE utf8_bin DEFAULT NULL,
  `time` varchar(255) CHARACTER SET utf8 COLLATE utf8_bin DEFAULT NULL,
  `content` varchar(255) CHARACTER SET utf8 COLLATE utf8_bin DEFAULT NULL,
  `status` int DEFAULT NULL,
  `health` varchar(255) CHARACTER SET utf8 COLLATE utf8_bin DEFAULT NULL,
  PRIMARY KEY (`id`) USING BTREE
) ENGINE=InnoDB DEFAULT CHARSET=utf8 COLLATE=utf8_bin ROW_FORMAT=DYNAMIC;

-- ----------------------------
-- Records of feedback
-- ----------------------------
INSERT INTO `feedback` VALUES ('26b012e7-0238-4aeb-8146-a79558de444e', 'd8373c5b-8258-4204-b53e-9c7db9039260', '2', '2023-11-23 15:16:24', '测试接口数据', '0', '健康');
INSERT INTO `feedback` VALUES ('3dba515e-1af9-4b5b-bee4-fa6c6fea85fe', '1', '2', '2024-07-06 21:50:27', '蔡蔡最近喜欢吃青菜', null, '健康');
INSERT INTO `feedback` VALUES ('7745b153-fdca-4ab7-9ee9-005a833bc57d', 'e5c99d8f-7b58-4754-a432-aecc986d8a4a', '2', '2023-12-01 20:19:37', '测试', '0', '健康');
INSERT INTO `feedback` VALUES ('7d78e562-142a-4510-bc11-070b0baa9528', '9d1dcffd-e79f-4b92-b960-97f7c005ccfb', '3', '2024-07-04 22:47:33', 'string', '0', 'string');
INSERT INTO `feedback` VALUES ('831e2eba-9228-4215-a4fe-1703724fe71b', 'e5c99d8f-7b58-4754-a432-aecc986d8a4a', '3', '2023-12-01 20:21:43', '测试', '0', '健康');
INSERT INTO `feedback` VALUES ('9d539cb5-01f9-4bab-87ec-6d2e1c6e4bfa', 'e5c99d8f-7b58-4754-a432-aecc986d8a4a', '2', '2023-12-01 20:19:58', '测试', '0', '健康');
INSERT INTO `feedback` VALUES ('add9cfee-13ae-4d0d-968b-28dc657cd906', 'db96b1a4-9181-4712-a7af-757b2401f020', 'd71724cd-e274-4cf9-aa50-b6800a5db9cb', '2024-07-08 19:51:23', '上传宠物,并评论测试', '0', '健康');
INSERT INTO `feedback` VALUES ('c47be6eb-2c55-4a9f-93ff-71b33e7932c1', 'e5c99d8f-7b58-4754-a432-aecc986d8a4a', '6', '2023-12-02 10:09:27', '测试', '0', '');
INSERT INTO `feedback` VALUES ('d4cf59f9-e6a3-4bca-98e7-e688e2693a71', 'e5c99d8f-7b58-4754-a432-aecc986d8a4a', '3', '2023-12-02 10:09:12', '测试', '0', '');

-- ----------------------------
-- Table structure for pet
-- ----------------------------
DROP TABLE IF EXISTS `pet`;
CREATE TABLE `pet` (
  `id` varchar(255) CHARACTER SET utf8 COLLATE utf8_bin NOT NULL,
  `pet_name` varchar(50) CHARACTER SET utf8 COLLATE utf8_bin DEFAULT NULL,
  `breed` varchar(50) CHARACTER SET utf8 COLLATE utf8_bin DEFAULT NULL,
  `age` int DEFAULT NULL,
  `color` varchar(255) CHARACTER SET utf8 COLLATE utf8_bin DEFAULT NULL,
  `health_status` varchar(255) CHARACTER SET utf8 COLLATE utf8_bin DEFAULT NULL,
  `is_adopted` int DEFAULT NULL,
  `sex` varchar(255) CHARACTER SET utf8 COLLATE utf8_bin DEFAULT NULL,
  `type` varchar(255) CHARACTER SET utf8 COLLATE utf8_bin DEFAULT NULL,
  `address` varchar(255) CHARACTER SET utf8 COLLATE utf8_bin DEFAULT NULL,
  `img` varchar(255) CHARACTER SET utf8 COLLATE utf8_bin DEFAULT NULL,
  `phone` varchar(255) CHARACTER SET utf8 COLLATE utf8_bin DEFAULT NULL,
  `user_id` varchar(255) CHARACTER SET utf8 COLLATE utf8_bin DEFAULT NULL,
  `status` varchar(255) CHARACTER SET utf8 COLLATE utf8_bin DEFAULT NULL,
  PRIMARY KEY (`id`) USING BTREE
) ENGINE=InnoDB DEFAULT CHARSET=utf8 COLLATE=utf8_bin ROW_FORMAT=DYNAMIC;

-- ----------------------------
-- Records of pet
-- ----------------------------
INSERT INTO `pet` VALUES ('1', '拉小拉', '狗', '3', '黑色', '健康', '1', '雌性', '拉布拉多', '城区市中心21号', 'one-1.jpg', '123456', '1', '1');
INSERT INTO `pet` VALUES ('2', '蔡蔡', '狗', '2', '白色', '健康', '1', '雄性', '中华田园犬', '城区市中心21号', 'two-1.jpg', '54645', '1', '1');
INSERT INTO `pet` VALUES ('281e301a-5d38-496a-9a19-a89d37debf20', '小哈', '哈士奇', '4', '黑', null, '1', '雄性', null, null, '3db0bc15-cf14-44fa-8243-0e954227680e.jpg', null, '1', '1');
INSERT INTO `pet` VALUES ('3', '橘子', '猫', '4', '棕色', '健康', '0', '雌性', '橘猫', '城区市中心21号', 'three-1.jpg', '645', '1', '1');
INSERT INTO `pet` VALUES ('4', '鹏鹏', '猫', '1', '灰色', '健康', '0', '雄性', '橘猫', '城区市中心21号', 'four-1.png', '654', '1', '1');
INSERT INTO `pet` VALUES ('4a8fc65e-9eab-4e17-98ed-d0b1e990dd57', '33', '狗', '2', '2', '健康', '0', '雌性', null, '', 'a7acfb10-1e12-4a8b-97a7-ac05b4d6033b.jpg', '4864', '1', '1');
INSERT INTO `pet` VALUES ('5', '龙龙', '猫', '2', '黄色', '健康', '0', '雌性', '橘猫', '城区市中心21号', 'five-1.jpg', '5465464', '1', '1');
INSERT INTO `pet` VALUES ('6', '毛毛', '猫', '2', '三花色', '健康', '0', '雌性', '橘猫', '城区市中心21号', 'six-1.jpg', '6546', '1', '1');
INSERT INTO `pet` VALUES ('7', '小小', '狗', '2', '白色', '健康', '0', '雄性', '未知', '城区市中心21号', 'seven.jpg', '456546', '1', '0');
INSERT INTO `pet` VALUES ('8', '猫猫', '猫', '1', '黑色', '健康', '0', '雌性', '狸花猫', '城区市中心21号', 'eight-1.png', '54354354', '0', '1');
INSERT INTO `pet` VALUES ('8861a267-2155-4694-98ea-23b63f3d76ad', '1', '狗', '1', '1', '', '0', '雄性', null, '', '74861859-3408-49df-836b-9f4696027d21.jpg', '', '', '');
INSERT INTO `pet` VALUES ('9', '团团', '猫', '2', '橘色', '健康', '0', '雌性', '未知', '城区市中心21号', 'naice-1.jpg', '54343', '0', '1');
INSERT INTO `pet` VALUES ('92d865fa-71ef-400d-8700-9c3b6371e6b5', '32', '猫', '2', '橙黑', '健康', '0', '雄性', null, '朝阳路', '6c49d8c5-04ee-4cac-a80a-e2204cb1182c.jpg', '4864', '1', '1');
INSERT INTO `pet` VALUES ('a7b1df3a-84e4-4805-8172-d903f6618326', '3', '猫', '23', '发', '', '0', '雄性', null, '', '6878e0cb-0c03-4ff7-9ccc-40029fdfd5c6.jpg', '', '', '');
INSERT INTO `pet` VALUES ('d71724cd-e274-4cf9-aa50-b6800a5db9cb', '哈哈', '狗', '2', '白', '健康', '0', '雄性', null, '街道', 'b29cab96-2b4d-4b1d-b59c-4c00a7b08a62.jpg', '3', 'db96b1a4-9181-4712-a7af-757b2401f020', '1');
INSERT INTO `pet` VALUES ('d7770d73-1709-49fa-86c2-f19673099b96', '444', '狗', '222', '白', '健康', '0', '雄性', null, '', 'b9dc3b5a-8a81-481d-933a-fc3efbc647b9.jpg', '4864', '1', '1');

-- ----------------------------
-- Table structure for title
-- ----------------------------
DROP TABLE IF EXISTS `title`;
CREATE TABLE `title` (
  `id` varchar(255) CHARACTER SET utf8 COLLATE utf8_bin NOT NULL,
  `title` varchar(255) CHARACTER SET utf8 COLLATE utf8_bin DEFAULT NULL,
  `text` text CHARACTER SET utf8 COLLATE utf8_bin,
  PRIMARY KEY (`id`) USING BTREE
) ENGINE=InnoDB DEFAULT CHARSET=utf8 COLLATE=utf8_bin ROW_FORMAT=DYNAMIC;

-- ----------------------------
-- Records of title
-- ----------------------------
INSERT INTO `title` VALUES ('1', '搬家注意事项', 0xE690ACE5AEB6E5AFB9E4BA8EE4BBBBE4BD95E4BABAE69DA5E8AFB4EFBC8CE983BDE698AFE58D81E58886E5BF99E7A28CE8808CE4B894E58E8BE58A9BE5B1B1E5A4A7E79A84E38082E4BB8EE4B880E4B8AAE7869FE68289E79A84E78EAFE5A283E690ACE588B0E58FA6E5A496E4B880E4B8AAE9998CE7949FE79A84E78EAFE5A283EFBC8CE4BBBBE4BD95E7949FE789A9E983BDE99C80E8A681E697B6E997B4E69DA5E98082E5BA94E5928CE8B083E695B4E38082E5B0A4E585B6E5AFB9E4BA8EE78CABE592AAE69DA5E8AFB4EFBC8CE9998CE7949FE79A84E78EAFE5A283E4BC9AE8AEA9E78CABE592AAE58D81E58886E5AEB3E68095EFBC8CE7949AE887B3E587BAE78EB0E4B8A5E9878DE79A84E5BA94E6BF80E58F8DE5BA94EFBC8CE4BE8BE5A682E4B88DE59083E4B88DE5969DE68896E698AFE7AA81E784B6E587BAE78EB0E694BBE587BBE680A7E38082E5A682E69E9CE4BDA0E69C80E8BF91E6ADA3E5A5BDE8A681E690ACE5AEB6EFBC8CE4B8BAE4BA86E5AEB6E9878CE6AF9BE5ADA9E5AD90E79A84E581A5E5BAB7EFBC8CE8AFB7E5819AE5A5BDE4BBA5E4B88BE587A0E782B9EFBC9A20E690ACE5AEB6E5898DE79A84E58786E5A48720E690ACE5AEB6E5898DE5AEB6E9878CE882AFE5AE9AE4B9B1E79A84E4B880E5A18CE7B38AE6B682EFBC8CE4B8BBE4BABAE4B99FE4BC9AE5BF99E5BE97E8849AE68993E5908EE88491E58BBAE38082E5A682E69E9CE4B88DE683B3E6838AE59093E588B0E78CABE592AAEFBC8CE59CA8E68993E58C85E79A84E697B6E58099E5B0BDE9878FE68A8AE78CABE592AAE694BEE7BDAEE59CA8E4B880E4B8AAE5AE89E99D99E79A84E688BFE997B4E38082E59CA8E690ACE5AEB6E5BD93E5A4A9EFBC8CE4B99FE8A681E5B08FE5BF83E4B88DE8A681E8AEA9E78CABE592AAE8B791E4B8A2E38082E59CA8E58786E5A487E58EBBE696B0E5AEB6E4B98BE5898DEFBC8CE68A8AE78CABE592AAE694BEE59CA8E888AAE7A9BAE7AEB1E9878CEFBC8CE9878CE99DA2E58FAFE4BBA5E5868DE694BEE782B9E99BB6E9A39FE3808220E69C89E4BA9BE78CABE592AAE58FAFE4BBA5E5BE88E5A5BDE79A84E98082E5BA94E888AAE7A9BAE7AEB1EFBC8CE69C89E4BA9BE58899E4BC9AE59A8EE58FABE79D80E8A681E587BAE69DA5E38082E5A682E69E9CE698AFE5908EE88085E79A84E68385E586B5EFBC8CE59CA8E690ACE5AEB6E5898DE587A0E5A4A9E5B0B1E8A681E8AEA9E78CABE592AAE98082E5BA94E888AAE7A9BAE7AEB1EFBC8CE58FAAE69C89E59CA8E78CABE592AAE8A789E5BE97E888AAE7A9BAE7AEB1E698AFE4B880E4B8AAE5AE89E585A8E79A84E8978FE8BAABE4B98BE5A484E697B6EFBC8CE6898DE4BC9AE88081E88081E5AE9EE5AE9EE79A84E59CA8E9878CE99DA2E59186E79D80E3808220E588B0E8BEBEE696B0E5AEB6E4B98BE5908E20E588B0E8BEBEE696B0E5AEB6E4B98BE5908EEFBC8CE4B88DE8A681E7AB8BE9A9ACE68993E5BC80E888AAE7A9BAE7AEB1EFBC8CE68A8AE78CABE592AAE7BDAEE8BAABE4BA8EE4B880E4B8AAE5B9BFE99894E79A84E5AE8CE585A8E9998CE7949FE79A84E78EAFE5A283E38082E5A682E69E9CE8BF99E697B6E78CABE592AAE5868DE689BEE4B88DE588B0E8978FE8BAABE4B98BE5A484EFBC8CE982A3E58FAFE79C9FE698AFE8A681E59093E5B0BFE4BA86E38082E58588E68A8AE78CABE592AAE694BEE59CA8E59CA8E4B880E4B8AAE58D95E78BACE79A84E688BFE997B4EFBC8CE688BFE997B4E9878CE69C80E5A5BDE694BEE7BDAEE69C89E78CABE592AAE4BBA5E5898DE794A8E8BF87E79A84E789A9E59381EFBC8CE4BE8BE5A682E4B98BE5898DE79A84E78CABE58E95E68980EFBC8CE78CABE7AA9DE5928CE78CABE592AAE78EA9E585B7E7AD89E7AD89E38082E8BF99E4BA9BE697A7E789A9E59381E4B88AE99DA2E5B8A6E69C89E78CABE592AAE79A84E591B3E98193EFBC8CE58FAAE69C89E78CABE592AAE59CA8E997BBE588B0E7869FE68289E79A84E591B3E98193E697B6EFBC8CE6898DE4B88DE4BC9AE982A3E4B988E5AEB3E68095E3808220E688BFE997B4E9878CE5868DE694BEE4B88AE78CABE9A39FE79B86E5928CE6B0B4E79B86EFBC8CE5BD93E78CABE592AAE4B88DE5868DE8A789E5BE97E5AEB3E68095E79A84E697B6E58099E5868DE694BEE587BAE69DA5EFBC8CE8AEA9E5AE83E887AAE5B7B1E7869FE68289E585B6E4BB96E688BFE997B4E3808220E7869FE68289E696B0E5AEB620E588B0E8BEBEE696B0E5AEB6E5908EE68A8AE78CABE592AAE694BEE59CA8E4BA86E4B880E4B8AAE58D95E78BACE79A84E5B08FE688BFE997B4E38082E5B0BDE7AEA1E5A682E6ADA4EFBC8CE5AEB6E9878CE88386E5B08FE79A84E78CABE592AAE8BF98E698AFE8978FE59CA8E78CABE7A082E79B86E9878CE4B88DE882AFE587BAE69DA5EFBC8CE79BB4E588B0E4B880E4B8AAE6989FE69C9FE5908EE6898DE6B890E6B890E79A84E4B88DE8A789E5BE97E5AEB3E68095E4BA86E38082E5AFB9E4BA8EE78CABE592AAE8BF99E7A78DE88386E5B08FE79A84E7949FE789A9EFBC8CE4B880E5AE9AE8A681E7BB99E5AE83E4BBACE8B6B3E5A49FE79A84E697B6E997B4E69DA5E7869FE68289E696B0E78EAFE5A283E38082E5908CE697B6EFBC8CE4B8BBE4BABAE8A681E7BB99E4BA88E8B6B3E5A49FE79A84E585B3E6B3A8E5928CE4BA92E58AA8EFBC8CE59CA8E78CABE592AAE6849FE588B0E4B88DE5AE89E79A84E697B6E58099E58F8AE697B6E5AE89E68A9AEFBC8CE8BF99E6A0B7E78CABE592AAE4BC9AE69BB4E5BFABE79A84E98082E5BA94E696B0E78EAFE5A283E3808220E6B3A8EFBC9AE690ACE696B0E5AEB6E5AFB9E4BA8EE78CABE592AAE69DA5E8AFB4EFBC8CE698AFE4B880E4B8AAE4B88DE5B08FE79A84E68C91E68898E38082E5A682E69E9CE78CABE592AAE69C89E4BBBBE4BD95E4B88DE889AFE58F8DE5BA94EFBC8CE4BE8BE5A682E68C81E7BBADE587A0E5A4A9E4B88DE59083E4B88DE5969DEFBC8CE982A3E4B988E99C80E8A681E5B8A6E58EBBE5AEA0E789A9E58CBBE999A2E5AFBBE6B182E4B893E4B89AE79A84E5B8AEE58AA9E38082);
INSERT INTO `title` VALUES ('2', '养狗的好处和坏处', 0xE4B880E38081E5A5BDE5A4840D0A0D0A0D0A0D0A31E38081E88892E7BC93E5B7A5E4BD9CE58E8BE58A9B0D0A0D0AE983BDE5B882E4BABAE79A84E7949FE6B4BBE7B981E5BF99E680A5E9809FEFBC8CE8AEB8E5A49AE79A84E5B7A5E4BD9CE4BBA4E4BABAE6849FE588B0E58E8BE58A9BE5BE88E5A4A7EFBC8CE4B99FE58F98E5BE97E7B2BEE7A59EE7B4A7E5BCA0E38082E4BD86E5A682E69E9CE59B9EE5AEB6E697B6EFBC8CE69C89E78B97E78B97E69187E5A4B4E69186E5B0BEE587BAE69DA5E8BF8EE68EA5E4BDA0EFBC8CE5868DE58AA0E587A0E4B8AAE58FAFE788B1E58D96E8908CE79A84E58AA8E4BD9CEFBC8CE4BEBFE5B7B2E883BDE4BBA4E4BDA0E79A84E5BF83E68385E79EACE997B4E58F98E5A5BDEFBC8CE68980E69C89E79A84E5B7A5E4BD9CE58E8BE58A9BE58F8AE783A6E681BCE983BDE7AB8BE588BBE5878FE8BDBBEFBC8CE68A9BE8AFB8E88491E5908EE380820D0A0D0A0D0A0D0A32E38081E9819BE78B97E8AEA9E4BDA0E585BBE68890E98082E5BAA6E8BF90E58AA8E79A84E5A5BDE4B9A0E683AF0D0A0D0AE5B0BDE7AEA1E69C89E697B6E58099EFBC8CE789B9E588ABE698AFE59CA8E5AF92E586B7E79A84E5ADA3E88A82EFBC8CE9819BE78B97E4BCBCE4B98EE698AFE789B9E588ABE8AEA9E4BABAE8AEA8E58E8CE79A84E4BA8BE38082E4BD86E698AFE9819BE78B97E58FAFE4BBA5E5B8AEE4BDA0E5819AE69BB4E5A49AE79A84E8BF90E58AA8E38082E585BBE78B97E79A84E4BABAE6AF94E982A3E4BA9BE6B2A1E585BBE78B97E79A84E4BABAE69BB4E8B68BE59091E4BA8EE5819AE98082E5BAA6E79A84E4BD93E882B2E6B4BBE58AA8E38082E585BBE78B97E79A84E4BABAE6AF8FE591A8E5B9B3E59D87E8B5B0333030E58886E9929FEFBC8CE8808CE4B88DE585BBE78B97E79A84E4BABAE5B9B3E59D87E6AF8FE591A8E58FAAE8B5B0313638E58886E9929FE38082E98082E5BD93E8BF90E58AA8EFBC8CE887AAE5B7B1E79A84E8BAABE4BD93E5858DE796ABE58A9BE4B99FE4BC9AE69C89E68980E68F90E9AB98EFBC8CE5B9B3E697B6E5B8A6E78B97E78B97E8BF90E58AA8E79A84E697B6E58099E58FAFE4BBA5E98082E5BD93E59CB0E58EBBE5819AE4B880E4BA9BE8AEADE7BB83EFBC8CE8A1A8E78EB0E5A5BDE5B0B1E5A596E58AB1E4B880E4BA9BE78B97E78B97E4B893E794A8E79A84E5B08FE99BB6E9A39FEFBC8CE5908CE6A0B7E4B99FE58FAFE4BBA5E4B8BAE78B97E78B97E98082E5BD93E8A1A5E99299E593A6E380820D0A0D0A0D0A0D0A33E38081E58AA0E5BCBAE4BABAE99985E585B3E7B3BB0D0A0D0AE3808CE78B97E78B97E698AFE4B880E4B8AAE7BB9DE4BDB3E79A84E7A0B4E586B0E8AF9DE9A298E38082E3808DE78AACE58FAAE8A18CE4B8BAE5ADA6E4B893E5AEB6E8A1A8E7A4BAE38082E4BA8BE5AE9EE4B88AEFBC8CE5BD93E4BDA0E585BBE4BA86E78B97E68EA5E79D80EFBC8CE4BEBFE4BC9AE58F91E8A789E4B88EE5BF97E5908CE98193E59088E79A84E69C8BE58F8BEFBC8CE69C89E8AFB4E4B88DE5AE8CE79A84E8AF9DE9A298E38082E59BA0E4B8BAE585BBE4BA86E78B97E78B97EFBC8CE4BDA0E8A681E9819BE78B97E588B0E585ACE59BADEFBC8CE4BEBFE69C89E69BB4E5A49AE79A84E69CBAE4BC9AE8AEA4E8AF86E585B6E4BB96E78B97E4B8BBEFBC8CE5B9B6E4BA92E79BB8E4BAA4E6B581E585BBE78B97E5BF83E5BE97E38082E8808CE78B97E78B97E4B98BE997B4E79A84E4BA92E58AA8EFBC8CE4B99FE4B8BAE8AF9DE9A298E5A29EE58AA0EFBC8CE5AEB9E69893E68993E7A0B4E4BABAE4B88EE4BABAE4B98BE997B4E79A84E99A94E8869CE380820D0A0D0A0D0A0D0A34E38081E585B3E994AEE697B6E588BBE69591E4BDA0E4B880E591BD0D0A0D0AE68891E4BBACE983BDE79FA5E98193EFBC8CE78B97E78B97E698AFE99D9EE5B8B8E9809AE4BABAE680A7E79A84EFBC8CE5BE88E5A49AE4BE8BE5AD90E8AF81E6988EEFBC8CE78B97E78B97E4B8BAE4BA86E69591E4B8BBE4BABAEFBC8CE7949AE887B3E789BAE789B2E4BA86E887AAE5B7B1E79A84E7949FE591BDE38082E5A682E69E9CE4BDA0E9A5B2E585BBE4B880E58FAAE78B97E78B97EFBC8CE59CA8E4BDA0E98187E588B0E58DB1E999A9E79A84E697B6E58099EFBC8CE78B97E78B97E4BC9AE6AFABE4B88DE78AB9E8B1ABE58EBBE69591E4BDA0EFBC8CE59CA8E585B3E994AEE697B6E588BBEFBC8CE4BDA0E8BF98E883BDE68DA1E59B9EE887AAE5B7B1E79A84E680A7E591BDEFBC810D0A0D0A0D0A0D0A0D0A0D0AE4BA8CE38081E59D8FE5A4840D0A0D0AE5A682E69E9CE8AFB4E585BBE78B97E69C89E4BB80E4B988E59D8FE5A484EFBC8CE78B97E78B97E69C89E4BB80E4B988E7BCBAE782B9E79A84E8AF9DEFBC8CE5A4A7E6A682E5B0B1E698AFE78B97E78B97E79A84E5AFBFE591BDE5A4AAE79FADE4BA86E590A7E38082E78B97E78B97E58FAAE69C89E58D81E587A0E5B9B4E79A84E697B6E997B4EFBC8CE883BDE5A49FE999AAE4BCB4E68891E4BBACE79A84E697B6E997B4E698AFE99D9EE5B8B8E79FADE69A82E79A84E38082E5AE83E4BBACE999AAE68891E4BBACE8B5B0E4BA86E58D81E587A0E5B9B4E79A84E697B6E997B4EFBC8CE7AA81E784B6E5B0B1E7A6BBE5BC80E68891E4BBACEFBC8CE5BE88E5A49AE4BABAE983BDE8A1A8E7A4BAE68EA5E58F97E4B88DE4BA86EFBC8CE7949AE887B3E69C89E79A84E4BABAE5868DE4B99FE4B88DE695A2E585BBE78B97E4BA86E38082E8BF99E5A4A7E6A682E5B0B1E698AFE585BBE78B97E79A84E59D8FE5A484E4BA86E590A7EFBC81E68980E4BBA5E68891E4BBACE697A5E5B8B8E8A681E5A49AE782B9E585B3E6B3A8E78B97E78B97E581A5E5BAB7E79A84E997AEE9A298EFBC8CE59682E9A39FE4B880E4BA9BE890A5E585BBE581A5E5BAB7E79A84E78B97E7B2AEEFBC8CE7A1AEE4BF9DE78B97E78B97E69C89E581A5E5BAB7E79A84E9A5AEE9A39FEFBC8CE5A5BDE5A5BDE58EBBE68AA4E79086EFBC8CE8BF99E6A0B7E78B97E78B97E79A84E59084E696B9E99DA2E5819AE5A5BDE4BA86EFBC8CE5AFBFE591BDE887AAE784B6E4B99FE4BC9AE995BFE4B880E782B9EFBC8CE883BDE5A49FE999AAE4BCB4E68891E4BBACE69BB4E4B985E4B880E782B9EFBC810D0A0D0A0D0A0D0AE6B3A8EFBC9A0D0A0D0AE78B97E78B97E9A5AEE9A39FE6B3A8E6848FE4BA8BE9A1B9EFBC9A0D0A0D0AE5B9B3E697A5E78B97E78B97E79A84E9A5AEE9A39FE4B880E5AE9AE8A681E7A1AEE4BF9DE581A5E5BAB7E680A7EFBC8CE4B88DE8A681E59682E9A39FE4BABAE9A39FE68896E88085E6AF94E8BE83E4BD8EE5BB89E79A84E78B97E7B2AEEFBC8CE78B97E78B97E995BFE69C9FE9A39FE794A8E79A84E8AF9DE5B0B1E5AEB9E69893E58F91E7949FE59084E7A78DE796BEE79785EFBC8CE69C80E5B8B8E8A781E79A84E5B0B1E698AFE6B3AAE79795EFBC8CE6AF9BE58F91E7AD89E696B9E99DA2EFBC8CE7949AE887B3E78B97E78B97E79A84E8BAABE4BD93E599A8E5AE98E689BFE58F97E4B88DE4BD8FE587BAE78EB0E882BEE885BAE696B9E99DA2E69C89E997AEE9A298E7AD89EFBC8CE68980E4BBA5E8BF98E698AFE8A681E98089E68BA9E4B880E4BA9BE6B885E6B7A1E581A5E5BAB7E79A84E78B97E7B2AEEFBC8CE68EA8E88D90E4BD8EE79B90E9858DE696B9E79A84E2809CE9A68BE4B88DE885BBE5A4A9E784B6E78B97E7B2AEE2809DEFBC8CE5AF8CE590ABE89B8BE799BDE8B4A8EFBC8CE890A5E585BBE58585E8B6B3EFBC8CE6B7B1E6B5B7E9B1BCE6B2B9EFBC8CE8BF98E883BDE7BE8EE6AF9BE7A59BE6B3AAE79795EFBC8CE697A5E5B8B8E98082E5BD93E690ADE9858DE696B0E9B29CE581A5E5BAB7E79A84E894ACE88F9CEFBC8CE6B0B4E69E9CE5928CE88289E7B1BBEFBC8CE8BF99E6A0B7E78B97E78B97E79A84E9A5AEE9A39FE5B0B1E99D9EE5B8B8E581A5E5BAB7E4BA86E380820D0A0D0AE78B97E78B97E99BB6E9A39FE68EA8E88D90EFBC9A0D0A0D0AE78B97E78B97E5B9B3E697B6E999A4E4BA86E59083E78B97E7B2AEE4BBA5E5A496EFBC8CE4B99FE58FAFE4BBA5E98082E5BD93E59682E9A39FE4B880E4BA9BE5B08FE99BB6E9A39FE8A1A5E8A1A5E99299EFBC8CE68EA8E88D90E9A68BE4B88DE885BBE79A84E9B8A1E88289E5B9B2EFBC8CE99299E590ABE9878FE9AB98EFBC8CE883BDE5A49FE5A29EE5BCBAE9AAA8E9AABCEFBC8CE4BD86E698AFE8A681E98082E9878FE593A6E380820D0A0D0A);
INSERT INTO `title` VALUES ('3', '养猫常识', 0x312E20E78CABE4B88DE794A8E9819BE38082E9819BE78B97E698AFE4B8BAE4BA86E5AE83E79A84E581A5E5BAB7EFBC8CE9A1BAE4BEBFE8A7A3E586B3E4B88BE5A4A7E5B08FE4BEBFE38082E78CABE4B88DE794A8E9819BEFBC8CE8AEA9E5AE83E887AAE5B7B1E59186E79D80E5B0B1E88892E69C8DE4BA86E380820D0A0D0A0D0A0D0A322E20E5A4A7E5B08FE4BEBFE887AAE5B7B1E8A7A3E586B3E38082E58786E5A487E78CABE58E95E68980EFBC8CE78CABE7A082E38082E78CABE4BC9AE887AAE5B7B1E59CA8E9878CE99DA2E8A7A3E586B3E5A4A7E5B08FE4BEBFEFBC8CE5B9B6E59F8BE5A5BDE38082E4BDA0E8A681E5AE9AE697B6E58EBBE6B885E79086E38082E78CABE7A082E78CABE7B2AEE5928CE78CABE58E95E68980E698AFE78CABE5BF85E794A8E79A84E38082E78CABE7AA9DE4B88DE5BF85E4B9B0EFBC8CE5AE83E4BBACE4BC9AE887AAE5B7B1E689BEE588B0E5969CE6ACA2E79A84E8B6B4E79A84E59CB0E696B9E38082E78CABE9A1B9E59C88EFBC88E998B2E8B7B3E89AA4E59C88EFBC8CE99383E9939BEFBC89E4B88DE5BF85E4B9B0E38082E9A1B9E59C88E688B4E4B985E4BA86E4BC9AE79AB1E4BA86E88496E5AD90E79A84E6AF9BEFBC8CE998B2E89AA4E59C88E6B2A1E69588E69E9CEFBC8CE99383E9939BE4BC9AE590B5E38082E588ABE68BB4E585BBEFBC8CE7ACBCE585BBE38082E4B88DE4B9B0E78CABE69C8DE38082E78CABE4B88DE5969CE6ACA2E69D9FE7BC9AE380820D0A0D0A0D0A0D0A332E20E5B08FE78CABE4B88DE8A681E59682E7899BE5A5B6E38082E983A8E58886E78CABE5A4A9E7949FE4B9B3E7B396E4B88DE88090EFBC8CE59682E4BA86E7899BE5A5B6E4BC9AE68B89E7A880E380820D0A0D0A0D0A0D0A342E20E78CABE592AAE4B8BBE9A39FE4B880E5AE9AE698AFE59088E98082E79A84E5B9B2E7B2AEEFBC8CE59CA8E68980E69C89E9A39FE789A9E4B8ADE4B88DE8A681E4BD8EE4BA8E353025E380820D0A0D0A0D0A0D0A352E20E5AE83E4BBACE6AF8FE5A4A9E587A0E4B98E2031367E323020E5B08FE697B6E59CA8E79DA1E8A789E38082E69C89203220E6ACA1EFBC88E6AF8FE6ACA120323020E58886E9929FEFBC89E6B4BBE8B783E697B6E997B4E38082E6B3A8E6848FE5AEB6E9878CE79A84E69893E7A28EE59381E38082E9A490E585B7EFBC8CE69DAFE5AD90EFBC8CE88AB1E793B6E7AD89E7AD89EFBC8CE5AE83E4BBACE4BC9AE4B88DE7BB8FE6848FE5BC84E68E89E59CB0E4B88AE380820D0A0D0A0D0A0D0A362E20E58685E5A496E9A9B1E899ABE38082E6AF8FE5B9B4E59083E4B8A4E6ACA1EFBC8CE4B88DE8A681E8AFB4E4B88DE5A496E587BAEFBC8CE4B88DE59083E4B88DE5B9B2E58780E9A39FE789A9E79A84E8AF9DE380820D0A0D0A0D0A0D0A372E20E6AF8FE99A94E4B880E4B8A4E4B8AAE7A4BCE68B9CE8A782E5AF9FE78CABE4B8ADE880B3E38082E5A682E69E9CE9878CE99DA2E9BB91E4BA86E8848FE4BA86EFBC8CE6BBB4E587A0E6BBB4E880B3E6B2B9EFBC8CE784B6E5908EE8BDBBE68F89E880B3E8838CEFBC8CE5868DE794A8E6A389E7ADBEE68E8FE380820D0A0D0A0D0A0D0A382E20E7949FE79785E8A681E58F8AE697B6E5B8A6E58EBBE79C8BE58CBBE7949FE38082E78CABE5BE88E79AAEE5AE9EEFBC8CE4B88DE788B1E7949FE79785E38082E4BD86E698AFE4B880E697A6E7949FE79785EFBC8CE5B0B1E5BE88E5AEB9E69893E68C82E38082E6AF94E5A682E9A39FE6ACB2E5B7AEEFBC8CE68B89E7A880E38082E5B0BDE5BFABE98081E58CBBE380820D0A0D0A0D0A0D0A392E20E78CABE59090E4B880E888ACE6B2A1E4BA8BE38082E5AE83E4BBACE58FAFE883BDE698AFE59CA8E59090E6AF9BE79083EFBC8CE68896E88085E59083E5A49AE4BA86EFBC8CE59083E680A5E4BA86E380820D0A0D0A0D0A0D0A31302E20E4BD8FE6A5BC20E289A53320E5B182E585BBE78CABE79A84E8AF9DEFBC8CE8A681E6A0B9E68DAEE78CABE79A84E6B798E6B094E7A88BE5BAA6E88083E89991E698AFE590A6E5B081E998B3E58FB0E38082E6A0B9E68DAEE998B3E58FB0E5A4A7E5B08FE5928CE5B081E998B3E58FB0E98089E794A8E79A84E69D90E69699EFBC8C203530302D31303030524D4220E5B7A6E58FB3EFBC88E58C85E4BABAE5B7A5EFBC89E38082E69C89E4B880E7A78DE8A3B9E5A191E992A2E4B89DEFBC8CE69C89E99A90E5BDA2E69588E69E9CEFBC8CE58FAFE4BBA5E88083E89991E4BDBFE794A8E380820D0A0D0A0D0A0D0A31312E20E78CABE788B1E592ACE7BABFE38082E794B5E88491E794B5E6BA90E7BABFEFBC8CE6898BE69CBAE695B0E68DAEE7BABFEFBC8CE880B3E69CBAE7BABFE7AD89E38082E592ACE79A84E697B6E58099E8A681E8ADA6E5918AE588B6E6ADA2EFBC8CE6ACA1E695B0E5A49AE4BA86E78CABE5B0B1E79FA5E98193E7BABFE4B88DE58FAFE4BBA5E592ACE38082E5908CE697B6E6B3A8E6848FE694B6E5A5BDE7BABFE380820D0A0D0A0D0A0D0A31322E20E78CABE592AAE6B497E6BEA1E4B98BE5908EE4B880E5AE9AE8A681E5BDBBE5BA95E590B9E5B9B2E38082E8B4B4E8BAABE79A84E7BB92E6AF9BE69E81E4B88DE5AEB9E69893E590B9E5B9B2EFBC8CE9A291E78E87E69C80E5A49AE4B880E4B8AAE69C88E4B880E6ACA1E380820D0A0D0A0D0A0D0A31332E20E78CABE5969CE6ACA2E7A3A8E788AAE5AD90E38082E5AEB6E9878CE8A681E7BB99E4BB96E4BBACE58786E5A487E5A5BDE78CABE68A93E69DBFEFBC8CE7B297E7B297E79A84E78CABE68A93E69DBFE7A3A8E788BDE4BA86EFBC8CE887AAE784B6E5B0B1E4B88DE4BC9AE58589E9A1BEE4BDA0E79A84E79AAEE6B299E58F91E4BA86E380820D0A0D0A0D0A0D0A31342E20E79FADE697B6E997B4E5A496E587BAE697A0E99C80E5AF84E585BBE588B0E5AEA0E789A9E5BA97E38082E78CABE592AAE5AEB3E68095E9998CE7949FE78EAFE5A283EFBC8CE588B0E4BA86E9998CE7949FE78EAFE5A283E69C89E5BA94E6BF80E58F8DE5BA94EFBC8CE79FADE69C9FE5A496E587BAE69C80E5A5BDE4B88DE794A8E5AF84E585BBE588B0E588ABE5A484EFBC8CE4B880E591A8E4BBA5E58685E79A84E5A496E587BAE58FAFE4BBA5E58786E5A487E8B6B3E5A49FE79A84E9A39FE789A9E5928CE6B0B4E4BBA5E58F8AE78CABE7A082E79B86E58DB3E58FAFE38082E5BD93E784B6E883BDE5AE89E68E92E69C8BE58F8BE6AF8FE5A4A9E8BF87E69DA5E6B7BBE6B0B4E88894E9A39FE69BB4E4BDB3E380820D0A0D0A0D0A0D0A31352E20362D38E4B8AAE69C88E58DB3E58FAFE7BB9DE882B2E38082E4B88DE784B6E78CABE5928CE4BABAE983BDE4B88DE5BE97E5AE89E7949FE38082E585ACE78CABE7BB9DE882B2E58FAAE698AFE68BBFE68E89E89B8BE89B8BEFBC8CE6AF8DE78CABE9BABBE783A6E4BA9BEFBC8CE58EBBE68E89E58DB5E5B7A2E68896E88085E5AD90E5AEABE38082E7BB9DE882B2E6898BE69CAFE4B88DE4BB85E589A5E5A4BAE4BA86E78CABE592AAE79A84E6ADA3E5B8B8E7949FE79086E99C80E6B182E5928CE7949FE6B4BBE4B8ADE79A84E8AEB8E5A49AE4B990E8B6A3E38082E58F91E68385E698AFE78CABE592AAE79A84E6ADA3E5B8B8E7949FE79086E69CACE883BDEFBC8CE698AFE581A5E5BAB7E79A84E5A4A9E680A7E4B990E8A782E38082E5B8B8E69C89E4B8BBE4BABAE59BA0E78CABE592AAE58F91E68385E6849FE8A789E783A6E681BCE38082E78CABE99D99E78CABE7B2AEE58585E58886E88083E89991E78CABE592AAE59CA8E58F91E68385E69C9FE997B4E79A84E59084E7A78DE7949FE79086E78AB6E586B5EFBC8CE7A1AEE4BF9DE695B4E4BD93E890A5E585BBE5B9B3E8A1A1EFBC8CE59CA8E789B9E6AE8AE697B6E69C9FE7BC93E8A7A3E78CABE592AAE79A84E5BC82E5B8B8E78AB6E68081E38082E5B8AEE58AA9E78CABE592AAE5B9B3E99D99E5BAA6E8BF87E8BF99E6AEB5E789B9E6AE8AE697B6E69C9FEFBC8CE4B8BAE5AEB6E5BAADE5889BE980A0E5AE89E5AE81E7949FE6B4BBE380820D0A0D0A0D0A0D0A31362E20E78CABE78EA9E585B7E58FAFE4BBA5E4B88DE794A8E4B9B0E38082E5AE83E4BBACE887AAE5BE97E585B6E4B990EFBC8CE689BEE588B0E6A0B9E7BEBDE6AF9BE983BDE58FAFE4BBA5E887AA206869676820E58D8AE5A4A9E380820D0A0D0A0D0A0D0A31372E20E4B9B0E4B8AAE6AF9BE6A2B3E38082E78CABE5969CE6ACA2E6A2B3E6AF9BEFBC8CE789B9E588ABE698AFE698A5E5A48FE68DA2E5ADA3E79A84E697B6E58099EFBC8CE5AE83E4BBACE68E89E6AF9BE58E89E5AEB3E38082E68A8AE99988E6AF9BE6A2B3E68E89EFBC8CE5AE83E4BBACE5BE88E5BC80E5BF83EFBC8CE8808CE4B894E5878FE5B091E88894E588B0E88383E9878CE79A84E6AF9BE38082E5AEB6E9878CE4B99FE4BC9AE5B091E4BA9BE78CABE6AF9BE9A398E88DA1E380820D0A0D0A0D0A0D0A31382E20E6B885E79086E78CABE6AF9BEFBC9AE590B8E5B098E599A8EFBC88E98082E794A8E5A4A7E5B9B3E99DA2EFBC8CE59CB0E69DBFEFBC8CE5BA8AEFBC89EFBC8CE6B9BFE68AB9E5B883EFBC88E5B08FE5B9B3E99DA2EFBC8CE69BB2E99DA2EFBC8CE5A682E6B299E58F91E8838CEFBC8CE6A18CE99DA2EFBC89EFBC8CE5B081E7AEB1E883B6E5B8A6EFBC88E98082E59088E6B885E79086E8A1A3E789A9E4B88AE79A84E6AF9BEFBC89E380820D0A0D0A0D0A0D0A31392E20E59682E9A39FE7949FE88289E79A84E8AF9DEFBC8CE8A681E58588E586B7E586BB3438E5B08FE697B6E681A2E5A48DE588B0E5B8B8E6B8A9E5868DE59682E9A39FE380820D0A0D0A0D0A0D0A32302E20E68A9AE691B8E78CABE887AAE5B7B1E5A49FE4B88DE588B0E79A84E59CB0E696B9EFBC8CE6AF94E5A682E9A29DE5A4B4EFBC8CE882A9E8839BE38082E4B88DE8A681E68BBDE78CABE5B0BEE5B7B4E38082E78CABE5B0BEE5B7B4E698AFE78CABE9878DE8A681E79A84E5B9B3E8A1A1E599A8E38082E794A8E58A9BE68BBDE4BC9AE5BDB1E5938DE5AE83E4BBACE79A84E5B9B3E8A1A1E6849FE38082E4B88DE8A681E4BFAEE589AAE78CABE883A1E5AD90E38082E78CABE883A1E5AD90E698AFE78CABE79A84E9878FE5B0BAEFBC8CE58FAAE8A681E698AFE883A1E9A1BBE79A84E5AEBDE5BAA6EFBC8CE78CABE8BAABE4BD93E5B0B1E58FAFE9809AE8BF87E380820D0A0D0A0D0A0D0A32312E20E59084E7A78DE6A389E7BABFE38081E7BB86E7BABFE4B88DE8A681E8AEA9E78CABE980AEE588B0E38082E5AE83E4BBACE4B880E888ACE58588E698AFE78EA9EFBC8CE784B6E5908EE5B0B1E4B880E688AAE688AAE5909EE588B0E8829AE5AD90E9878CE38082E4BC9AE5BDB1E5938DE6B688E58C96E980A0E68890E59195E59090E38082E4BD86E698AFE4B88DE5BF85E6838AE6858CEFBC8CE5A4A7E983A8E58886E68385E586B5203220E5A4A9E5B7A6E58FB3E4BC9AE68E92E587BAE38082E588ABE59682E78CABE99DA2E69DA1E6A0B7E995BFE69DA1E5BDA2E9A39FE789A9E380820D0A0D0A0D0A0D0A32322E20E8B79FE78CABE78EA9E79A84E697B6E58099EFBC8CE5AE83E4BBACE58FAFE883BDE4BC9AE59BA0E4B8BAE5A4AAE9AB98E585B4E6B2A1E69C89E68E8CE68FA1E5A5BDE5B0BAE5BAA6E8AFAFE4BCA4E4BABAE38082E5AE83E4BBACE4B88DE698AFE69585E6848FE79A84EFBC8CE4B88DE8A681E7949FE6B094E68993E9AA82E38082E794A8E68C87E794B2E58880E7BB99E78CABE589AAE68C87E794B2EFBC8CE68A8AE5B096E7ABAFE589AAE58EBB20336D6D20E5B7A6E58FB3EFBC8CE9998DE4BD8EE8A2ABE8AFAFE4BCA4E79A84E587A0E78E87E38082E5A682E69E9CE698AFE680BBE788B1E788ACE998B3E58FB0E79A84E6B798E6B094E78CABE6858EE9878DE38082E788AAE5AD90E4B88DE5B096E4BC9AE69E81E5A4A7E5A29EE58AA0E5AE83E4BBACE59DA0E890BDE587A0E78E87E380820D0A0D0A0D0A0D0A32332E20E8B79FE78CABE78EA9E79A84E697B6E58099E5BD93E5AE83E592ACE4BD8FE4BDA0E79A84E6898BE68C87EFBC8CE593AAE68095E6B2A1E69C89E592ACE796BCE4BDA0E4B99FE58187E8A385E58FABE4B880E5A3B0E38082E8BF99E6A0B7E5AE83E5B0B1E4BC9AE79FA5E98193E4BCA4E588B0E4BDA0E4BA86EFBC8CE4BC9AE7AB8BE58DB3E69DBEE58FA3E38082E8BF99E7A78DE8AEADE7BB83E69CACE698AFE59CA8E4B880E7AA9DE5B08FE78CABE79A84E697B6E58099E5AE83E4BBACE4BA92E79BB8E78EA9E997B9E5B0B1E5ADA6E4BC9AE79A84EFBC8CE5B0B1E698AFE68E8CE68FA1E58886E5AFB8EFBC8CE69C89E79A84E78CABE59BA0E4B8BAE4BB8EE5B08FE5B0B1E698AFE78BACE887AAE4B880E596B5EFBC8CE6B2A1E69C89E5BE97E588B0E8BF99E7A78DE7BB8FE9AA8CEFBC8CE69C89E5BF85E8A681E69599E5AE83E380820D0A0D0A0D0A0D0A32342E20E8A2ABE78CABE68CA0E4BCA4E38082E5AE83E4BBACE5A4AA206869676820E4BA86EFBC8CE58886E5AFB8E68E8CE68FA1E4B88DE5A5BDE4BC9AE68CA0E4BCA4E4BABAE38082E58588E794A8E882A5E79A82E6B0B4E586B2E6B4973135E58886E9929FEFBC8CE784B6E5908EE68AB9E7A298E4BC8FE380820D0A0D0A0D0A0D0A32352E20E78CABE592ACE4BCA4E4B88EE78B82E78AACE79785E6849FE69F93E9A38EE999A9E38082EFBC88E78B97E5908CEFBC890D0A0D0AE5A682E69E9CE8A2ABE78CABE78B97E68896E99BAAE8B282E592ACE4BCA4E79A84E697B6E58099EFBC8CE5AE83E4BBACE79C8BE8B5B7E69DA5E581A5E5BAB7EFBC8CE585BBE4B8BBE99C80E68A8AE5AE83E4BBACE99A94E7A6BB20313020E5A4A9E5B9B6E8A782E5AF9FEFBC8CE697A0E9A1BBE78B82E78AACE79785E796ABE88B97E38082E887B3E4BB8AE6B2A1E69C89E7BE8EE59BBDE4BABAE59CA8E58AA8E789A9E99A94E7A6BBE69C9FEFBC8820313020E5A4A9EFBC89E58685E6849FE69F93E78B82E78AACE79785E79785E4BE8BE38082E5A682E69E9CE592ACE4BABAE79A84E58AA8E789A9E59CA8E592ACE4BABAE697B6E5B7B2E587BAE78EB0E79785E68081E68896E88085E59CA820313020E697A5E99A94E7A6BBE69C9FE58685E587BAE78EB0E79785E68081EFBC8CE4BAA4E794B1E585BDE58CBBE8AF84E4BCB0E78B82E78AACE79785E8BFB9E8B1A1EFBC8CE5B9B6E592A8E8AFA2E4BDBFE794A8E78B82E78AACE79785E796ABE88B97E79A84E58CBBE79697E5BBBAE8AEAEE380820D0A0D0A0D0A0D0A32362E20E78CABE68EA2E79FA5E5A496E7958CE69C80E5B8B8E794A8E79A84E698AFE9BCBBE5AD90EFBC88E5A9B4E584BFE698AFE598B4E59487EFBC89EFBC8CE585B6E6ACA1E68A93EFBC8CE5868DE6ACA1E598B4E78999E380820D0A0D0A0D0A0D0A32372E20E78CABE79A84E88289E59EABE698AFE594AFE4B880E79A84E6B197E885BAE38082E5A48FE5A4A9E691B8E691B8E88289E59EABEFBC8CE5B0B1E4BC9AE5838FE4BABAE79A84E6898BE5BF83E4B880E6A0B7E58692E6B197E380820D0A0D0A0D0A0D0A32382E20E78CABE889B2E5BCB1EFBC8CE5AFB9E9A29CE889B2E58CBAE58886E883BDE58A9BE5BCB1EFBC88E78B97E4B99FE698AFEFBC89E380820D0A0D0A0D0A0D0A32392E20E8B79DE7A6BBE78CAB3235434DE5B7A6E58FB3E79A84E8B79DE7A6BBE4BBA5E58685E5AE83E79C8BE4B88DE6B885EFBC8CE99DA0E59785E8A789E5928CE883A1E9A1BBE5AE9AE4BD8DE380820D0A0D0A0D0A0D0A33302E20E997B9E78CABE697B6E597B7E597B7E58FABE79A84E78CABE983BDE698AFE6AF8DE79A84E380820D0A0D0A0D0A0D0A33312E20E78CABE8B79FE4BABAE4B880E6A0B7EFBC8CE6AF8FE58FAAE78CABE79A84E680A7E6A0BCE983BDE4B88DE5908CEFBC8CE8B68AE88081E8B68AE99ABEE58F96E682A6E380820D0A0D0A0D0A0D0A33322E20E78CABE8B79FE4BABAE4BAB2E4BA86EFBC8CE4BC9AE58FABE4BDA0E8B5B7E5BA8AEFBC8CE5AFB9E79D80E5AE83E596B5EFBC8CE5AE83E4BBACE4BC9AE59B9EE596B5E38082E4BC9AE585BBE5AEB6EFBC8CE5B9B2E68E89E4B880E58887E585A5E4BEB5E788ACE899ABEFBC8CE5BF83E68385E5A5BDE4BA86E68B8DE88B8DE89D87E89A8AE5AD90E38082E78CABE788AAE4B8A4E58FAAEFBC8CE68CA5E69DA5E4B887E8B4AFE5AEB6E8B4A2E38082E78CABE794A8E884B8E9A28AE5998CE4BDA0EFBC8CE698AFE68A8AE4BDA0E5BD93E5908CE7B1BBE4B880E6A0B7E79C8BE5BE85E38082E78CABE59CA8E4BDA0E99DA2E5898DE7BFBBE8829AE79AAEEFBC8CE698AFE69C89E5AE89E585A8E6849FE5928CE4BFA1E8B596E4BDA0E79A84E8A1A8E78EB0E38082E6898BE68C87E8838CE8BDBBE5998CE596B5E79A84E884B8E9A28AEFBC88E9A1BAE79D80E883A1E5AD90E696B9E59091E5998CE8BF87E58EBBEFBC89EFBC8CE5AE83E4BC9AE79FA5E98193E4BDA0E5969CE6ACA2E5AE83E38082E5AFB9E79D80E5AE83E685A2E685A2E79CA8E79CBCEFBC8CE7AD89E4BA8EE5AFB9E5AE83E8AFB4E4BDA0E788B1E5AE83E380820D0A0D0A0D0A0D0A33332E20E78CABE883BDE6849FE79FA5E4BABAE79A84E68385E7BBAAE38082E5BD93E4BDA0E99ABEE8BF87E890BDE6B3AAE697B6EFBC8CE5AE83E4BBACE4BC9AE8BF87E69DA520636865636B20E4BDA0EFBC88E78B97E4B99FE883BDEFBC89E38082E5BD93E4BDA0E7949FE6B094E69AB4E8BA81E697B6EFBC8CE5AE83E4BBACE5B0B1E5AE89E99D99E59186E59CA8E982A3E380820D0A0D0A0D0A0D0A33342E20E69C89E5ADA6E4B9A0E883BDE58A9BEFBC8CE4BC9AE6A8A1E4BBBFE588ABE79A84E78CABE79A84E8A18CE4B8BAEFBC8CE4B99FE4BC9AE79C8BE68782E4BABAE79A84E7AE80E58D95E8A18CE4B8BAE38082E6AF94E5A682E79C8BE8A781E4BABAE5BC80E997A8EFBC8CE5AE83E4BBACE683B3E587BAE58EBBE79A84E697B6E58099E5B0B1E4BC9AE794A8E788AAE5AD90E68992E997A8E68A8AE6898BE380820D0A0D0A0D0A0D0A33352E20E78CABE5B19EE680A7E380820D0A0D0AE59091E697A5E891B5E5B19EE680A7EFBC9AE5969CE6ACA2E69992E5A4AAE998B3EFBC8CE5969CE69A96E58E8CE586B7E380820D0A0D0AE892B2E585ACE88BB1E5B19EE680A7EFBC9AE68E89E6AF9BE380820D0A0D0AE8BEB9E7958CE5B19EE680A7EFBC9AE5969CE6ACA2E8B6B4E59CA8E8BEB9E7958CE9878CEFBC8CE6AF94E5A682E4B880E5BCA0E7BAB8EFBC8CE7BAB8E7AEB1E380820D0A0D0AE588B6E9AB98E782B9E5B19EE680A7EFBC9AE5AE83E4BBACE5969CE6ACA2E5BE81E69C8DE58DA0E9A286E5AEB6E9878CE69C80E9AB98E79A84E4BD8DE7BDAEE380820D0A0D0AE9B89FE5B19EE680A7EFBC9AE5AE83E4BBACE6B2A1E69C89E7BF85E88680EFBC8CE4BD86E698AFE4BC9AE9A39EE380820D0A0D0AE5BCBAE78388E5A5BDE5A587E5BF83EFBC8CE5BCBAE8BFABE79787EFBC8CE5A49AE58AA8EFBC88E4B880E5B281E4BBA5E4B88BE5B08FE78CABE5B0A4E7949AEFBC89EFBC8CE6B481E79996E380820D0A0D0AE889BAE4BABAE5B19EE680A7EFBC9AE59791E88DAFE38082E89684E88DB7EFBC8CE69CA8E5A4A9E893BCEFBC8CE9A38EE6B2B9E7B2BEEFBC8CE6BC82E799BDE58982E79A84E591B3E98193E983BDE4BC9AE8AEA9E5A4A7E983A8E58886E78CABE99480E9AD82E4B88DE5B7B2E380820D0A0D0A0D0A0D0A33362E20E78CABE79A84E5BC80E585B3E38082E88496E5AD90E5908EE99DA2E4BD8DE7BDAEE698AFE596B5E79A84E5BC80E585B3E38082E68A93E4BD8FE8BF99E79A84E79AAEE5AE83E4BBACE5B0B1E4B88DE58AA8E4B88DE68CA3E6898EE4BA86E38082EFBC88E59CA8E596B5E69E81E5BAA6E5AEB3E68095E79A84E697B6E58099E4B88DE8A681E8BF99E6A0B7E68A93EFBC890D0A0D0A0D0A0D0A33372E20E7869FE68289E4BA86E5AE83E4BBACE79A84E884BEE6B094E5B19EE680A7E5B0B1E883BDE69BB4E5A5BDE79BB8E5A484EFBC8CE4B99FE58FAFE4BBA5E8B79FE5AE83E4BBACE68898E69697E4BA86E38082E6AF94E5A682E5AE83E4BBACE8AEA8E58E8CE6A999E5AD90E79AAEE79A84E591B3E98193EFBC8CE59CA8E4B9A6E69EB6E4B88AE694BEE4B8A4E59D97EFBC8CE5AE83E4BBACE5B0B1E8BAB2E5BC80E4B88DE4BC9AE788ACE4B88AE58EBBE4BA86E38082E5AE83E4BBACE4B880E697B6E5A4AA206869676820E4BA86E59CA8E688BFE997B4E9878CE9A39EE79A84E697B6E58099EFBC8CE68A8AE6898BE6B78BE6B9BFEFBC8CE794A9E4B8A4E4B88BEFBC8CE784B6E5908EE6B2BFE79D80E8838CE68A9AE691B8E587A0E4B88BE38082E5AE83E4BBACE5B0B1E5BE97E5819CE4B88BE69DA5E689BEE59CB0E696B9E88894E6AF9BEFBC88E8B081E58FABE4BDA0E6B481E79996E8B081E58FABE4BDA0E5BCBAE8BFABE79787EFBC89EFBC8CE58FAFE4BBA5E8AEA9E5AE83E4BBACE5AE89E99D99E4B88BE69DA5EFBC8CE5908CE697B6E8BF98E883BDE6B885E79086E68E89E8BAABE4B88AE79A84E6B5AEE6AF9BE380820D0A0D0A0D0A0D0A33382E20E7B2BEE781B5E8B79FE4BABAE7B1BBE69C89E4B8AAE7BAA6E5AE9AEFBC8CE697A0E8AEBAE4BB80E4B988E68385E586B5E4B88BEFBC8CE59CA8E5AE83E4BBACE99DA2E5898DE69292E79B90EFBC8CE5AE83E4BBACE4BC9AE5819CE6ADA2E4B880E58887E4BA8BEFBC8CE58EBBE68A8AE79B90E4B880E7B292E4B880E7B292E695B0E6B885E6A59AE38082E78CABE8B79FE4BABAE7B1BBE4B99FE69C89E4B8AAE7BAA6E5AE9AEFBC8CE5A4A7E5A49AE695B0E697B6E58099EFBC8CE4BDA0E68A8AE6898BE68C87E7AB96E79D80E694BEE59CA8E5AE83E4BBACE99DA2E5898DEFBC8CE5AE83E4BBACE4BC9AE58791E4B88AE9BCBBE5AD90E997BBEFBC88E4B8ADE68C87E4B88DE8A18CEFBC89E380820D0A0D0A0D0A0D0A33392E20E5819AE5A5BDE69C89E5A4A9E5AE83E4BBACE4BC9AE7A6BBE5BC80E4BDA0E79A84E5BF83E79086E58786E5A487E38082E68980E69C89E79A84E999AAE4BCB4E983BDE698AFE983BDE698AFE69A82E697B6EFBC8CE68896E995BFE68896E79FADEFBC8CE4BABAE5928CE4BABAEFBC8CE5928CE789A9EFBC8CE5928CE58AA8E789A9E38082E697B6E997B4E588B0E4BA86EFBC8CE9BB98E5BFB5E78F8DE9878DE38082E585B6E5AE9EEFBC8CE5AE83E4BBACE5B7B2E7BB8FE68890E4B8BAE4BDA0E79A84E4B880E983A8E58886E7BBA7E7BBADE5AD98E59CA8E380820D0A0D0A0D0A0D0A34302E20E9A284E998B2E6B2BBE79697E9BB91E4B88BE5B7B42FE78CABE797A4E796AEEFBC882066656C696E652061636E6520EFBC89E38082E78CABE79A84E4BD93E8B4A8E5928CE8BF9BE9A39FE4B9A0E683AFE7AD89E58E9FE59BA0EFBC8CE4BC9AE980A0E68890E9BB91E4B88BE5B7B4E38082E4B8A5E9878DE79A84E4B88BE5B7B4E4BC9AE68E89E6AF9BE882BFE78382E38082E794A8E6B8A9E5928CE882A5E79A82E6B885E6B497EFBC8CE68896E88085E7BAB1E5B883E6B5B8E6B3A1E88CB6E6B0B4E693A6E68BADE682A3E5A484EFBC8CE784B6E5908EE6B682E7BAA2E99C89E7B4A0E79CBCE8868FE6B688E7828EE38082E9A39FE7A297E6B0B4E7A297E68DA2E68890E98791E5B19E2FE999B6E793B72FE78EBBE79283E79A84EFBC8CE4B88DE8A681E794A8E5A191E69699E69D90E8B4A8E38082E5908EE4B8A4E88085E69893E7A28EE38082);
INSERT INTO `title` VALUES ('4', '养狗小常识', 0x31E38081E999A4E5B08FE78B97E5A4962CE68890E5B9B4E78B97E59CA8E5AEB6E59682E585BBE69C80E5A5BDE5AE9AE697B6E5AE9AE9878F2CE4B88AE78FADE6978FE69C80E5A5BDE5AE89E68E92E59CA8E6999AE4B88AE596822CE59BA0E4B8BAE6999AE4B88AE697B6E997B4E58585E8A3952E0D0A0D0A32E38081E697A9E4B88AE587BAE997A8E5898DE7BB99E5B08FE78B97E68DA2E4B88AE5B9B2E58780E79A84E6B0B42CE58FAFE7BB99E4B8A4E59D97E99BB6E9A39FE5819AE5AE89E685B0E58982E380820D0A0D0A33E3808120E68890E5B9B4E78B97E4B880E5A4A9E9878FE4B880E6ACA1E59682E697A2E58FAF2CE4BD86E4B88DE8A681E5A4AAE5A49A2CE4B880E5AE9AE8A681E7BB99E6B0B42CE585BBE68890E5AE83E6999AE9A5ADE5908EE587BAE58EBBE5A4A7E5B08FE4BEBF2CE8808CE799BDE5A4A9E5AE89E99D99E4B88DE8B083E79AAE2C20E8BF99E6A0B7E590832CE5969D2CE68B89E69C89E8A784E5BE8B2CE5A5BDE585BB2CE58F88E4B88DE7BB99E4BABAE6B7BBE9BABBE783A62CE4B88DE5A29EE58AA0E8B49FE68B85E380820D0A0D0A34E38081E58887E5BF8CE4B88DE8A681E59682E9A39FE9B8A1E9AAA82CE9B8ADE9AAA8E5A4B42CE5BE88E58DB1E999A92CE78B97E698AFE5969CE6ACA2E59BABE59BB5E5909EE9A39FE4B89CE8A5BF2CE9B8A1E9B8ADE9AAA8E698AFE995BFE9AAA8E4B88DE69893E592ACE7A28E2C2020E4BC9AE6898EE7A9BFE882A0E98193E4BEBFE8A180E8808CE6ADBB2EE8BF99E7A78DE68385E586B5E5BE88E5B8B8E8A7812CE789B9E588ABE8A681E6B3A8E6848FE380820D0A0D0A35E38081E587BAE997A8E4B880E5AE9AE8A681E6A093E78B97E7BBB32CE585B6E5A5BDE5A484E5A682E4B88B3A0D0A0D0AE789B5E78B97E7BBB3E79A84E7ACACE4B880E5A4A7E5A5BDE5A484EFBC9AE5A29EE58AA0E78B97E78B97E79A84E69C8DE4BB8EE680A7EFBC9B0D0A0D0AE789B5E78B97E7BBB3E79A84E7ACACE4BA8CE5A4A7E5A5BDE5A484EFBC9AE998B2E6ADA2E78B97E78B97E8B5B0E5A4B1EFBC9B0D0A0D0AE789B5E78B97E7BBB3E79A84E7ACACE4B889E5A4A7E5A5BDE5A484EFBC9AE998B2E6ADA2E78B97E78B97E587BAE8BDA6E7A5B8EFBC9B0D0A0D0AE789B5E78B97E7BBB3E79A84E7ACACE59B9BE5A4A7E5A5BDE5A484EFBC9AE998B2E6ADA2E78B97E78B97E8AFAFE9A39FE69C89E6AF92E68896E88590E78382E9A39FE789A9EFBC9B0D0A0D0AE789B5E78B97E7BBB3E79A84E7ACACE4BA94E5A4A7E5A5BDE5A484EFBC9AE998B2E6ADA2E78B97E78B97E68993E69EB6E58F97E4BCA4EFBC9BE789B9E588ABE698AFE79CBCE79D9BE69C80E69893E8A2ABE68A93E4BCA4EFBC9B0D0A0D0AE789B5E78B97E7BBB3E79A84E7ACACE585ADE5A4A7E5A5BDE5A484EFBC9AE998B2E6ADA2E78B97E78B97E4B9B1E68B893838E38081E4B9B14E4E2CE5BC95E8B5B7E982BBE5B185E58E8CE783A6E5928CE68A95E8AF89EFBC9B0D0A0D0AE789B5E78B97E7BBB3E79A84E7ACACE4B883E5A4A7E5A5BDE5A484EFBC9AE998B2E6ADA2E4B9B1E4BAA4E9858DEFBC8CE5878FE5B091E6848FE5A496E68080E5AD95E5928CE4B8B2E4B8B2E78B97E587BAE7949FEFBC9B0D0A0D0AE789B5E78B97E7BBB3E79A84E7ACACE585ABE5A4A7E5A5BDE5A484EFBC9AE998B2E6ADA2E78B97E78B97E592ACE588B0E68896E6838AE59093E588B0E588ABE4BABAE789B9E588ABE698AFE88081E4BABAE5928CE5B08FE5ADA9E8808CE68B9BE887B4E9BABBE783A62E0D0A0D0A);
INSERT INTO `title` VALUES ('5', '家居常识', 0xE8AFB7E5B086E4BDA0E5AEB6E79A84E998B3E58FB0E5B081E7BD91EFBC8CE4BBA5E5858DE78CABE78CABE78EA9E697B6E4B88DE6858EE69194E588B0E6A5BCE4B88BE380820D0A0D0AE4B88AE4B88BE78FADE8BF9BE587BAE789B9E588ABE6B3A8E6848FE585B3E5A5BDE997A8E7AA97EFBC8CE4B880E697A6E78CABE78CABE8B791E587BAEFBC8CE5B086E697A0E6B395E68A93E4BD8FEFBC8CE4BDBFE78CABE78CABE58F98E68890E6B581E6B5AAE78CABE380820D0A0D0AE6B3A8E6848FE5AEB6E4B8ADE58DB1E999A9E59381E79A84E69186E694BEEFBC8CE4BBA5E998B2E78CABE78CABE69480E788ACE380820D0A0D0AE5819AE9A5ADE697B6E8AFB7E585B3E997A8EFBC8CE4B88DE8A681E8AEA9E78CABE78CABE8BF9BE585A5E58EA8E688BFEFBC8CE4BBA5E5858DE783ABE4BCA4E38081E783A7E4BCA4E38082);
INSERT INTO `title` VALUES ('6', '狗语词典大全', 0xE9BBAFE784B6E5A4B1E889B2E59CB0E4BD8EE4B88BE5A4B4EFBC9AE68891E69C89E4BA9BE99ABEE58F97E380820D0A0D0AE5BFABE9809FE59CB0E69187E58AA8E5B0BEE5B7B4EFBC9AE68891E5BE88E9AB98E585B4EFBC810D0A0D0AE7B4A7E7B4A7E59CB0E5A4B9E8B5B7E5B0BEE5B7B4EFBC9AE68891E5A5BDE5AEB3E68095E380820D0A0D0AE69585E6848FE981BFE5BC80E9998CE7949FE5908CE7B1BBE79A84E8A786E7BABFEFBC9AE68891E58FAFE4B88DE683B3E683B9E9BABBE783A6E380820D0A0D0AE8829AE79AAEE59091E4B88AE8BABAE79D80EFBC9AE4BDA0E698AFE68891E79A84E4B88AE58FB8EFBC8CE4BDA0E79C8BE68891E5A49AE5BCB1E5B08FE59180EFBC810D0A0D0AE585A8E8BAABE583B5E79BB4E38081E8838CE6AF9BE7AB96E7AB8BE5B9B6E4BD8EE5A3B0E59286E593AEEFBC9AE8AF86E79BB8E782B9EFBC81E588ABE68A8AE68891E980BCE680A5E4BA86EFBC810D0A0D0AE68993E59388E6ACA0EFBC9AE68891E5A5BDE7B4A7E5BCA0E380820D0A0D0AE7BAB5E8B5B7E9BCBBE5AD90EFBC9AE68891E69C89E782B9E7949FE6B094E4BA86E380820D0A0D0AE7BAB5E8B5B7E9BCBBE5AD90E38081E99CB2E587BAE78999E9BDBFEFBC8CE5908CE697B6E58F91E587BAE5A881E88381E79A84E59286E593AEEFBC9AE68891E5B7B2E7BB8FE5BF8DE588B0E69E81E99990E4BA86EFBC8CE588ABE689BEE4B88DE7979BE5BFABE380820D0A0D0AE5898DE8BAABE4BC8FE4B88BEFBC8CE7BF98E8B5B7E5908EE8BAABEFBC9AE68891E4BBACE69DA5E5819AE6B8B8E6888FE590A7EFBC81);

-- ----------------------------
-- Table structure for user
-- ----------------------------
DROP TABLE IF EXISTS `user`;
CREATE TABLE `user` (
  `id` varchar(255) CHARACTER SET utf8 COLLATE utf8_bin NOT NULL,
  `username` varchar(50) CHARACTER SET utf8 COLLATE utf8_bin DEFAULT NULL,
  `password` varchar(50) CHARACTER SET utf8 COLLATE utf8_bin DEFAULT NULL,
  `email` varchar(100) CHARACTER SET utf8 COLLATE utf8_bin DEFAULT NULL,
  `phone_number` varchar(20) CHARACTER SET utf8 COLLATE utf8_bin DEFAULT NULL,
  `other_info` varchar(255) CHARACTER SET utf8 COLLATE utf8_bin DEFAULT NULL,
  PRIMARY KEY (`id`) USING BTREE
) ENGINE=InnoDB DEFAULT CHARSET=utf8 COLLATE=utf8_bin ROW_FORMAT=DYNAMIC;

-- ----------------------------
-- Records of user
-- ----------------------------
INSERT INTO `user` VALUES ('1', 'test', '21232f297a57a5a743894a0e4a801fc3', '5464@qq.com', '4864200', '3');
INSERT INTO `user` VALUES ('123', '21312', 'e99a18c428cb38d5f260853678922e03', '21321@qq.com', '213', '0');
INSERT INTO `user` VALUES ('2131', '2213', '1321', '2131@qq.com', '321', '0');
INSERT INTO `user` VALUES ('31c6b8b8-3686-4e18-87da-701042df467a', '爱猫', '202cb962ac59075b964b07152d234b70', '5@qq.com', '3', '3');
INSERT INTO `user` VALUES ('3b10af5d-5c84-4150-b0ea-62f33823b89a', '123', '979d472a84804b9f647bc185a877a8b5', '123@qq.com', '123', '0');
INSERT INTO `user` VALUES ('4203903d-09a6-495d-bdb3-2a6ce6c82f2c', '12313', 'a869ccbcbd9568808b8497e28275c7c8', '12321@qq.com', '213213', '0');
INSERT INTO `user` VALUES ('9d1dcffd-e79f-4b92-b960-97f7c005ccfb', '测试2', '21232f297a57a5a743894a0e4a801fc3', '55894984@163.com', '88948819', '0');
INSERT INTO `user` VALUES ('ab638764-905c-426b-b733-2aea7415dd8a', '123', '979d472a84804b9f647bc185a877a8b5', '213@qq.com', '21321', '0');
INSERT INTO `user` VALUES ('afd2a1c4-581b-429f-b8c4-e6b37e539ed6', '阿斯顿2131', 'e99a18c428cb38d5f260853678922e03', '21312@qq.com', '31232131', '0');
INSERT INTO `user` VALUES ('b779645d-12fa-44a7-be47-c4e05639e309', '测试2', 'e99a18c428cb38d5f260853678922e03', '9855@qq.com', '888', '0');
INSERT INTO `user` VALUES ('b7e37f1c-1d10-4e96-b708-5063afe21b7d', '爱狗2', '202cb962ac59075b964b07152d234b70', '212@qq.com', '33', '3');
INSERT INTO `user` VALUES ('bb914661-8c14-4aa3-a7d9-9ad3ab1cc7e1', 'eqweq', 'e99a18c428cb38d5f260853678922e03', 'qweq@qq.com', 'qwewq', '0');
INSERT INTO `user` VALUES ('cb07dc1d-3401-49c4-9d28-604013c46eb8', '测试gdl', 'c4cefc53ca414d25294fd23b8fccd356', '1151222@qq.com', '414514', '0');
INSERT INTO `user` VALUES ('d8373c5b-8258-4204-b53e-9c7db9039260', 'admin', '21232f297a57a5a743894a0e4a801fc3', '18056475895@qq.com', '187596420328', '1');
INSERT INTO `user` VALUES ('db96b1a4-9181-4712-a7af-757b2401f020', '爱狗', '202cb962ac59075b964b07152d234b70', '5@qq.com', '3', '3');
INSERT INTO `user` VALUES ('e5c99d8f-7b58-4754-a432-aecc986d8a4a', 'user21', '21232f297a57a5a743894a0e4a801fc3', '1151@163.com', '414514', '0');
